Fallout4.esm;002261A4;SynthGen2RaceValentine;Gen 2 Synth
Fallout4.esm;00187AF9;RaiderDogRace;
Fallout4.esm;000A96BF;FeralGhoulGlowingRace;Feral Ghoul
Fallout4.esm;001A6D64;TurretWorkshopRace;Workshop Turret
Fallout4.esm;00184C4D;AlienRace;
Fallout4.esm;00166729;HumanRaceSubGraphData;Human
Fallout4.esm;0011EB96;GhoulChildRace;Human
Fallout4.esm;0011D83F;HumanChildRace;Human
Fallout4.esm;0010BD65;SynthGen2Race;Gen 2 Synth
Fallout4.esm;00108019;LibertyPrimeRace;Liberty Prime
Fallout4.esm;000E12A6;MirelurkQueenRace;Mirelurk Queen
Fallout4.esm;000EAFB6;GhoulRace;Ghoul
Fallout4.esm;000E8D09;SynthGen1Race;Gen 1 Synth
Fallout4.esm;000DFB33;ProtectronRace;Protectron
Fallout4.esm;000D9804;GorillaRace;Gorilla
Fallout4.esm;000D8417;AssaultronRace;Assaultron
Fallout4.esm;000D77E3;VertibirdRace;Vertibird
Fallout4.esm;000C9ACF;CatRace;Cat
Fallout4.esm;000BB7D9;SupermutantBehemothRace;Behemoth
Fallout4.esm;000B7F91;MirelurkKingRace;MirelurkKing
Fallout4.esm;000B28D3;TurretBubbleRace;Bubble Turret
Fallout4.esm;000B1F08;TurretTripodRace;Tripod Turret
Fallout4.esm;000AE0B7;SentryBotRace;SentryBot
Fallout4.esm;000A563A;EyeBotRace;EyeBot
Fallout4.esm;000A0F2F;YaoGuaiRace;Yao Guai
Fallout4.esm;00090C33;FEVHoundRace;Molerat
Fallout4.esm;00064C60;MirelurkHunterRace;MirelurkHunter
Fallout4.esm;0001A009;SuperMutantRace;
Fallout4.esm;0007ED1D;RadStagRace;Radstag
Fallout4.esm;0006B4EC;FeralGhoulRace;Feral Ghoul
Fallout4.esm;000636AB;RadScorpionRace;RadScorpion
Fallout4.esm;0005FBB1;StingwingRace;Stingwing
Fallout4.esm;00029463;BloatflyRace;Bloatfly
Fallout4.esm;0002047E;BrahminRace;Brahmin
Fallout4.esm;0004716C;RadRoachRace;RadRoach
Fallout4.esm;0001D810;MoleratRace;Molerat
Fallout4.esm;0001D698;DogmeatRace;
Fallout4.esm;0001D31E;PowerArmorRace;PowerArmor
Fallout4.esm;00013746;HumanRace;Human
Fallout4.esm;00000019;DefaultRace;Default
Fallout4.esm;0001DB4A;DeathclawRace;Deathclaw
Fallout4.esm;0002456D;BloodbugRace;Bloodbug
Fallout4.esm;00023FFC;MirelurkRace;Mirelurk
Fallout4.esm;0003578A;ViciousDogRace;
Fallout4.esm;000359F4;HandyRace;MrHandy
DLCRobot.esm;0100EA09;DLC01PowerArmorRaceAdditiveSubGraphData;PowerArmor
DLCRobot.esm;0100D5FB;DLC01HandyAdditiveSubgraphRace;MrHandy
DLCRobot.esm;01004E05;DLC01AssaultronRaceAdditiveSubgraphRace;
DLCRobot.esm;01003DEB;DLC01EyeBotRaceAdditiveSubgraphRace;EyeBot
DLCRobot.esm;01002804;DLC01WorkshopWallLight;Spotlight
DLCRobot.esm;010027B9;DLC01HandyCreateABotRace;MrHandy
DLCRobot.esm;01001F14;DLC01HumanRaceAdditiveSubGraphData;Default
DLCRobot.esm;01001129;DLC01RoboBrainRace;Robobrain
DLCworkshop01.esm;01000C05;DLC02HandyRace;MrHandy
DLCworkshop01.esm;01000BF7;DLC02AssaultronRaceAdditiveSubgraphRace;Assaultron
DLCworkshop01.esm;01000A8E;DLC02MirelurkKingRace;MirelurkKing
DLCworkshop01.esm;01000A8D;DLC02MirelurkHunterRace;MirelurkHunter
DLCworkshop01.esm;01000A64;DLC02StingwingRace;Stingwing
DLCworkshop01.esm;01000A63;DLC02RadRoachRace;RadRoach
DLCworkshop01.esm;01000A62;DLC02BloodbugRace;Bloodbug
DLCworkshop01.esm;01000A61;DLC02BloatflyRace;Bloatfly
DLCworkshop01.esm;01000A5F;DLC02YaoGuaiRace;Yao Guai
DLCworkshop01.esm;01000A5D;DLC02RadStagRace;Radstag
DLCworkshop01.esm;01000A5C;DLC02RadScorpionRace;RadScorpion
DLCworkshop01.esm;01000A5B;DLC02MirelurkRace;Mirelurk
DLCworkshop01.esm;01000A56;DLC02GorillaRace;Gorilla
DLCworkshop01.esm;01000A54;DLC02FeralGhoulRace;Feral Ghoul
DLCworkshop01.esm;01000A52;DLC02BrahminRace;Brahmin
DLCworkshop01.esm;01000CD0;DLC02HumanRaceSubGraphData;Human
DLCworkshop01.esm;01000C82;DLC02FEVHoundRace;Molerat
DLCworkshop01.esm;01000C7F;DLC02MoleratRace;Molerat
DLCworkshop01.esm;01000C7D;DLC02RaiderDogRace;
DLCworkshop01.esm;01000C7C;DLC02ViciousDogRace;
DLCworkshop01.esm;01000C79;DLC02CatRace;Cat
DLCworkshop01.esm;01000C78;DLC02DeathclawRace;Deathclaw
DLCworkshop01.esm;01000C75;DLC02SupermutantRaceAdditive;
DLCCoast.esm;0104E28E;DLC03_GulperSmallRace;Gulper
DLCCoast.esm;01042EBB;DLC03_SynthGen2RaceDiMa;Gen 2 Synth
DLCCoast.esm;0103FD66;DLC03_RadChickenRace;
DLCCoast.esm;0103DDDE;DLC03_RadRabbitRace;
DLCCoast.esm;0103D077;DLC03_MutatedWolfRace;
DLCCoast.esm;0103CF1E;DLC03StingwingRace;Stingwing
DLCCoast.esm;01033E79;DLC03RoboBrainRace;RoboBrain
DLCCoast.esm;0102E010;DLC03VRDataRetrieverRace;Indexer
DLCCoast.esm;0102BEE6;DLC03PowerArmorRaceAdditiveSubgraphData;PowerArmor
DLCCoast.esm;010247C1;DLC03_GulperRace;Gulper
DLCCoast.esm;010180A8;DLC03_HermitCrabRace;
DLCCoast.esm;01014174;DLC03_FogCrawlerRace;
DLCCoast.esm;0100FEEA;DLC03_AnglerRace;Angler
DLCCoast.esm;0100C6A7;DLC03HumanRaceAdditiveSubgraphData;Human
DLCCoast.esm;01009591;DLC03VRDefenderTurretRace;Bubble Turret
DLCworkshop02.esm;01000AC9;DLC05HumanRaceAdditiveSubgraphData;Human
DLCworkshop02.esm;010008AB;DLC05ArmorRackRace;Human
DLCworkshop03.esm;010055BA;HumanRaceSubGraphDataAdditiveDLC06;
DLCNukaWorld.esm;0104CBCE;DLC04GorillaRace;Gorilla
DLCNukaWorld.esm;0103E565;DLC04_DeathclawAdditiveSupgraphRace;Deathclaw
DLCNukaWorld.esm;0103E562;DeathclawRaceCOPY0000;Deathclaw
DLCNukaWorld.esm;0103637A;DLC04_GatorclawRace;Gatorclaw
DLCNukaWorld.esm;01033169;DLC04_StingwingRace;Stingwing
DLCNukaWorld.esm;01023435;DLC04_BrahmiluffRace;Brahmin
DLCNukaWorld.esm;0101A283;DLC04PowerArmorRaceAdditiveSubGraphData;PowerArmor
DLCNukaWorld.esm;01019126;DLC04_AnimatronicAlienRace;Bubble Turret
DLCNukaWorld.esm;0100EFF4;TestDLC04AnimatronicHumanRace;Human
DLCNukaWorld.esm;0100D329;DLC04DeathclawRaceQuantum;Deathclaw
DLCNukaWorld.esm;0100CE5E;DLC04_RadAntRace;Ant
DLCNukaWorld.esm;0100C606;DLC04_RadRatRace;Rad-Rat
DLCNukaWorld.esm;0100B028;DLC04_SwarmRace;Swarm
DLCNukaWorld.esm;0100AAFE;DLC04_CaveCricketRace;Cave Cricket
DLCNukaWorld.esm;0100A6C3;DLC04_HumanRaceSubgraphDataAdditive;
DLCNukaWorld.esm;0100A1A6;DLC04_BloodwormRace;Bloodworm
LondonWorldSpace.esm;0134F1D5;FOLON_HumanRaceSubGraphDataAdditiveDLC06;
LondonWorldSpace.esm;0134E9F1;Folon_RACE_MoleratWorkshop;Molerat
LondonWorldSpace.esm;0134E0EB;Folon_RACE_CyberPigeonSpitfire;Spitfire
LondonWorldSpace.esm;0134D544;Folon_RACE_SuperMutantRace_PBOW;
LondonWorldSpace.esm;0134CF2B;Folon_RACE_AUMN;Select Auto Mine
LondonWorldSpace.esm;0133D5CE;Folon_RACE_DLC03_WolfRace;
LondonWorldSpace.esm;0133D5CD;Folon_RACE_DLC04_RadAnt;Ant
LondonWorldSpace.esm;0133B711;Folon_Race_ChaurusScorpion;Chaurus Scorpion
LondonWorldSpace.esm;0133B710;Folon_Race_Lymer;ShellBug
LondonWorldSpace.esm;0132B6D7;Folon_RACE_ElephantRace;
LondonWorldSpace.esm;0132AB1C;Folon_RACE_SleipnirRace;
LondonWorldSpace.esm;0131ACBD;Folon_RACE_DogmeatRace;
LondonWorldSpace.esm;0131A873;Folon_HumanRaceStat;Human
LondonWorldSpace.esm;01318877;Folon_RACE_PostBoxerSTAT;Robobrain
LondonWorldSpace.esm;0130774A;Folon_RACE_ThamesfolkChildRace;Human
LondonWorldSpace.esm;012F2594;Folon_RACE_RadRoachTalk;RadRoach
LondonWorldSpace.esm;012F2560;Folon_RACE_MoleratTalk;Molerat
LondonWorldSpace.esm;012ECE61;FOLON_BighornerRace;Bighorner
LondonWorldSpace.esm;012EC69A;RadSquirrelRace;Rad-Squirrel
LondonWorldSpace.esm;012EB416;Folon_RACE_FeralGhoulTalkRace;Feral Ghoul
LondonWorldSpace.esm;012DE86C;Folon_DLC04_RadRatRace;Rad-Rat
LondonWorldSpace.esm;012DE0D8;Folon_DLC03_RadRabbitRace;
LondonWorldSpace.esm;012D863A;Folon_RACE_AngelCloneRace;Human
LondonWorldSpace.esm;012D65D0;Folon_RACE_WombleRace;Deathclaw
LondonWorldSpace.esm;00013746;HumanRace;Human
LondonWorldSpace.esm;0104E127;Folon_RACE_Fox;
LondonWorldSpace.esm;010D452E;Folon_RACE_Leech_Race;Leech
LondonWorldSpace.esm;010DB775;Folon_RACE_PowerArmorRaceHAMR;PowerArmor
LondonWorldSpace.esm;0111DD55;Folon_RACE_TunnelCoughRace;Human
LondonWorldSpace.esm;0112AF62;Folon_RACE_PigRatRace;Pigrat
LondonWorldSpace.esm;01146E9D;Folon_RACE_MsABloatLarvaRace;BloatLarva
LondonWorldSpace.esm;01146E9E;Folon_RACE_MsABloatMotherRace;BloatMother
LondonWorldSpace.esm;0115650D;Folon_RACE_AtkinsRace;Atkins Robot
LondonWorldSpace.esm;011588CD;Folon_RACE_CyberPigeon;Cyber Pigeon
LondonWorldSpace.esm;011618E9;Folon_RACE_CorgiRace;Corgi
LondonWorldSpace.esm;01194305;Folon_RACE_HumanRaceSubGraphData_Additive;Human
LondonWorldSpace.esm;01198A4D;Folon_RACE_SuperMutantRaceadditiveCrudeLaserGun;
LondonWorldSpace.esm;011A2FC2;Folon_RACE_Peacock;
LondonWorldSpace.esm;01242114;Folon_RACE_Famished;Famished
LondonWorldSpace.esm;012450EA;Folon_RACE_FloaterRace;Floater
LondonWorldSpace.esm;0125EFB0;Folon_RACE_ThamesfolkRace;Human
LondonWorldSpace.esm;0126366D;Folon_RACE_MineBot;Protectron
LondonWorldSpace.esm;01263695;Folon_RACE_PostBoxer;Robobrain
LondonWorldSpace.esm;01278BA6;Folon_RACE_CaveGhoulRace;Feral Ghoul
LondonWorldSpace.esm;0127FB7E;Folon_RACE_RadgerRace;Yao Guai
LondonWorldSpace.esm;0127FB7F;Folon_RACE_LadyBugRace;RadRoach
LondonWorldSpace.esm;012841F7;Folon_RACE_RadshrewRace;Molerat
LondonWorldSpace.esm;0129460E;Folon_RACE_DryadRace;Feral Ghoul
LondonWorldSpace.esm;012A227D;Folon_RACE_SuperCloneRace;
LondonWorldSpace.esm;012D423A;Folon_RACE_PowerArmorSubGraphData_Additive;

